Show, IMDB
Abbott Elementary
All Creatures Great & Small
Animal Control
Art Detectives
Best Medicine
Bookish
Brilliant Minds
Cooper & Fry
DMV
Dark Matter
Dept. Q
Ellis
From
Gardeners' World
Going Dutch
Karen Pirie
Line of Duty
Little House on the Prairie
Ludwig
Lynley
MobLand
Paradise
Pluribus
Shrinking
Silent Witness
Slow Horses
St. Denis Medical
Star Trek: Strange New Worlds
Task
The Bear
The Blame
The Chair Company
The Day of the Jackal
The Last of Us
The Orville
The Other Bennet Sister
The Pitt
The White Lotus
Trigger Point
Doctor Who (2023), tt31433814
Our Farm Next Door
Hacks
Earth Abides
Murderbot
The Buccaneers
Greyhound
Silo
Conan O'Brien Must Go
Ponies
The Gilded Age
Saturday Night Live
Saturday Night Live UK